City_ID,City,Country,Date,Lat,Lng,Max Temp,Humidity,Cloudiness,Wind Speed
0,Aykhal,RU,2023-01-29 23:40:31,66.0,111.5,-27.18,100,98,3.27
1,Albany,US,2023-01-29 23:40:31,42.6001,-73.9662,43.23,69,100,4.0
2,Fort Frances,CA,2023-01-29 23:38:01,48.5999,-93.4003,-4.95,67,40,5.75
3,Saint-Philippe,RE,2023-01-29 23:40:32,-21.3585,55.7679,78.39,85,77,4.41
4,Ushuaia,AR,2023-01-29 23:40:33,-54.8,-68.3,51.46,62,20,14.97
5,Saint-Augustin,CA,2023-01-29 23:40:33,51.226,-58.6502,-4.27,84,22,6.4
6,Saskylakh,RU,2023-01-29 23:40:35,71.9167,114.0833,-40.77,99,90,4.59
7,Souillac,MU,2023-01-29 23:40:36,-20.5167,57.5167,75.58,94,20,0.0
8,Ongandjera,NA,2023-01-29 23:40:37,-17.8833,15.0667,72.43,72,100,5.23
9,Hobart,AU,2023-01-29 23:37:13,-42.8794,147.3294,72.27,60,75,4.61
10,Pervomayskiy,RU,2023-01-29 23:40:37,53.2485,40.2871,14.95,93,100,4.99
11,New Norfolk,AU,2023-01-29 23:40:38,-42.7826,147.0587,71.92,50,55,3.0
12,Tasiilaq,GL,2023-01-29 23:40:39,65.6145,-37.6368,19.56,89,76,5.55
13,Caravelas,BR,2023-01-29 23:40:39,-17.7125,-39.2481,75.92,84,16,5.32
14,Longyearbyen,SJ,2023-01-29 23:40:39,78.2186,15.6401,24.64,63,75,14.97
15,Nizwa,OM,2023-01-29 23:40:40,22.9333,57.5333,60.8,55,0,3.71
16,Bambous Virieux,MU,2023-01-29 23:40:40,-20.3428,57.7575,78.22,94,20,0.0
17,Castro,BR,2023-01-29 23:40:41,-24.7911,-50.0119,63.82,95,86,3.29
18,Nizhnevartovsk,RU,2023-01-29 23:40:41,60.9344,76.5531,-13.09,100,68,1.07
19,Yellowknife,CA,2023-01-29 23:38:33,62.456,-114.3525,-15.45,76,20,10.36
20,Monrovia,LR,2023-01-29 23:40:41,6.3005,-10.7969,76.77,89,73,6.22
21,Severo-Kurilsk,RU,2023-01-29 23:40:42,50.6789,156.125,26.69,85,100,39.39
22,Oktyabrskoye,RU,2023-01-29 23:40:42,43.0645,44.7417,24.94,100,100,2.24
23,Cape Town,ZA,2023-01-29 23:36:00,-33.9258,18.4232,66.9,62,0,15.01
24,Arraial Do Cabo,BR,2023-01-29 23:38:16,-22.9661,-42.0278,77.25,90,96,21.79
25,Mataura,NZ,2023-01-29 23:40:42,-46.1927,168.8643,73.9,49,94,3.69
26,Akranes,IS,2023-01-29 23:40:43,64.3218,-22.0749,30.76,81,15,12.41
27,Batagay,RU,2023-01-29 23:40:43,67.6333,134.6333,-53.25,98,28,1.19
28,Portland,US,2023-01-29 23:40:43,45.5234,-122.6762,39.52,33,0,24.16
29,Yambio,SS,2023-01-29 23:40:43,4.5721,28.3955,74.91,33,38,1.14
30,Guerrero Negro,MX,2023-01-29 23:36:35,27.9769,-114.0611,61.25,59,0,10.13
31,Bethel,US,2023-01-29 23:40:44,41.3712,-73.414,48.29,67,75,6.91
32,Cascais,PT,2023-01-29 23:40:44,38.6979,-9.4215,48.94,59,1,5.99
33,Sibu,MY,2023-01-29 23:40:44,2.3,111.8167,75.51,94,40,2.3
34,Saint George,US,2023-01-29 23:40:10,37.1041,-113.5841,55.94,28,0,4.0
35,Vangaindrano,MG,2023-01-29 23:40:45,-23.35,47.6,76.33,86,36,1.68
36,Port-Gentil,GA,2023-01-29 23:40:45,-0.7193,8.7815,80.56,83,20,3.44
37,Nishihara,JP,2023-01-29 23:40:45,26.1842,127.7558,56.48,51,75,12.66
38,Zhezkazgan,KZ,2023-01-29 23:40:46,47.8043,67.7144,-6.03,94,8,7.29
39,Kargopol,RU,2023-01-29 23:40:46,61.5071,38.9456,26.17,92,100,9.8
40,Sambava,MG,2023-01-29 23:40:46,-14.2667,50.1667,76.06,92,61,3.94
41,Cooma,AU,2023-01-29 23:40:46,-36.2333,149.1333,61.36,98,100,1.7
42,Reconquista,AR,2023-01-29 23:40:17,-29.15,-59.65,86.5,41,100,6.15
43,Ponta Do Sol,PT,2023-01-29 23:40:47,32.6667,-17.1,57.13,62,65,7.14
44,Kapaa,US,2023-01-29 23:40:47,22.0752,-159.319,77.32,57,75,26.46
45,Sumbe,AO,2023-01-29 23:40:47,-11.2061,13.8437,78.8,85,97,4.56
46,Bluff,NZ,2023-01-29 23:40:48,-46.6,168.3333,61.59,88,100,5.21
47,Port Hardy,CA,2023-01-29 23:40:48,50.6996,-127.4199,37.58,60,20,4.61
48,Cockburn Town,TC,2023-01-29 23:36:15,21.4612,-71.1419,75.16,69,75,11.5
49,Molepolole,BW,2023-01-29 23:40:48,-24.4066,25.4951,73.54,59,100,6.87
50,Acarau,BR,2023-01-29 23:40:16,-2.8856,-40.12,78.37,80,19,9.33
51,Kavieng,PG,2023-01-29 23:40:49,-2.5744,150.7967,84.97,69,59,8.21
52,Mar Del Plata,AR,2023-01-29 23:40:49,-38.0023,-57.5575,73.09,79,0,20.0
53,Puerto Ayora,EC,2023-01-29 23:40:50,-0.7393,-90.3518,77.56,94,91,5.01
54,Vila Velha,BR,2023-01-29 23:36:26,-20.3297,-40.2925,78.75,83,20,12.66
55,Georgetown,MY,2023-01-29 23:39:16,5.4112,100.3354,80.53,83,20,4.61
56,Chara,RU,2023-01-29 23:40:50,56.9064,118.2631,-13.05,75,97,1.25
57,Punta Arenas,CL,2023-01-29 23:40:50,-53.15,-70.9167,57.11,76,75,12.66
58,Rikitea,PF,2023-01-29 23:40:50,-23.1203,-134.9692,79.14,72,43,8.9
59,Avarua,CK,2023-01-29 23:40:51,-21.2078,-159.775,75.25,94,75,4.61
60,Busselton,AU,2023-01-29 23:40:51,-33.65,115.3333,71.35,52,31,12.55
61,Sur,OM,2023-01-29 23:40:51,22.5667,59.5289,64.81,58,0,4.68
62,Inhambane,MZ,2023-01-29 23:40:52,-23.865,35.3833,77.32,82,48,13.0
63,Sao Filipe,CV,2023-01-29 23:40:52,14.8961,-24.4956,70.57,70,89,12.82
64,Takab,IR,2023-01-29 23:40:52,36.4009,47.1133,26.01,98,85,2.37
65,Khatanga,RU,2023-01-29 23:40:52,71.9667,102.5,-42.7,100,80,2.8
66,Eldoret,KE,2023-01-29 23:40:53,0.5204,35.2699,57.29,51,0,3.44
67,Mehamn,NO,2023-01-29 23:40:53,71.0357,27.8492,35.51,86,75,9.22
68,Tuktoyaktuk,CA,2023-01-29 23:40:53,69.4541,-133.0374,-14.8,76,75,5.75
69,Hualmay,PE,2023-01-29 23:40:54,-11.0964,-77.6139,72.73,81,80,7.16
70,Porto Novo,BJ,2023-01-29 23:40:44,6.4965,2.6036,80.42,83,91,5.91
71,Chokurdakh,RU,2023-01-29 23:40:54,70.6333,147.9167,-40.34,100,59,3.02
72,Sitka,US,2023-01-29 23:40:54,57.0531,-135.33,39.09,70,40,3.44
73,Vao,NC,2023-01-29 23:40:55,-22.6667,167.4833,76.51,73,2,10.76
74,Phalia,PK,2023-01-29 23:40:55,32.4297,73.5775,52.9,91,100,8.55
75,Juli,PE,2023-01-29 23:40:55,-16.2167,-69.45,44.96,79,100,4.14
76,Bodden Town,KY,2023-01-29 23:40:55,19.2833,-81.25,80.6,73,20,16.11
77,Takoradi,GH,2023-01-29 23:40:56,4.8845,-1.7554,78.85,87,38,7.52
78,Hilo,US,2023-01-29 23:37:30,19.7297,-155.09,72.63,87,100,5.75
79,Kununurra,AU,2023-01-29 23:40:56,-15.7667,128.7333,76.98,94,100,5.75
80,Bathsheba,BB,2023-01-29 23:40:56,13.2167,-59.5167,75.81,73,20,6.91
81,Te Anau,NZ,2023-01-29 23:40:57,-45.4167,167.7167,72.07,42,96,1.83
82,Plattsburgh,US,2023-01-29 23:36:32,44.6995,-73.4529,31.28,82,100,14.97
83,Hofn,IS,2023-01-29 23:40:57,64.2539,-15.2082,28.47,66,81,17.34
84,Dhidhdhoo,MV,2023-01-29 23:40:57,6.8833,73.1,79.65,74,11,6.62
85,Jamestown,US,2023-01-29 23:40:57,42.097,-79.2353,35.24,97,100,10.36
86,Touros,BR,2023-01-29 23:40:58,-5.1989,-35.4608,80.1,70,14,13.8
87,Port Elizabeth,ZA,2023-01-29 23:40:58,-33.918,25.5701,62.1,74,0,4.61
88,Nome,US,2023-01-29 23:40:58,64.5011,-165.4064,34.16,93,100,20.71
89,Yulara,AU,2023-01-29 23:40:58,-25.2406,130.9889,74.73,67,80,11.18
90,Panorama,GR,2023-01-29 23:40:59,40.5878,23.0315,38.73,68,20,5.99
91,Vaini,TO,2023-01-29 23:40:59,-21.2,-175.2,86.16,79,40,10.36
92,Baiyin,CN,2023-01-29 23:40:59,36.5583,104.2081,23.27,33,0,4.25
93,Chuy,UY,2023-01-29 23:41:00,-33.6971,-53.4616,70.54,83,17,11.21
94,Abha,SA,2023-01-29 23:37:24,18.2164,42.5053,52.05,87,0,0.0
95,San Cristobal,VE,2023-01-29 23:41:00,7.7669,-72.225,71.78,82,72,2.44
96,Port Blair,IN,2023-01-29 23:41:00,11.6667,92.75,80.64,74,40,6.91
97,Carnarvon,AU,2023-01-29 23:41:01,-24.8667,113.6333,74.97,77,1,12.91
98,Chifeng,CN,2023-01-29 23:41:01,42.2683,118.9636,8.78,83,10,4.05
99,Bria,CF,2023-01-29 23:41:01,6.5423,21.9863,74.55,26,35,0.49
100,Vila,PT,2023-01-29 23:41:02,42.0304,-8.1588,29.28,85,4,3.65
101,Barrow,US,2023-01-29 23:41:02,71.2906,-156.7887,-2.18,78,100,8.05
102,Gamba,GA,2023-01-29 23:41:03,-2.65,10.0,77.61,86,81,5.1
103,Butaritari,KI,2023-01-29 23:41:03,3.0707,172.7902,81.21,79,26,21.72
104,Aitape,PG,2023-01-29 23:41:04,-3.1374,142.3475,83.21,73,54,2.37
105,Ancud,CL,2023-01-29 23:41:06,-41.8697,-73.8203,62.65,88,35,8.16
106,Roebourne,AU,2023-01-29 23:41:08,-20.7833,117.1333,86.25,51,26,2.26
107,Necochea,AR,2023-01-29 23:41:08,-38.5473,-58.7368,70.39,49,0,16.87
108,Flin Flon,CA,2023-01-29 23:41:08,54.7682,-101.865,-14.96,64,75,6.91
109,Lolodorf,CM,2023-01-29 23:41:09,3.2333,10.7333,70.5,100,67,2.28
110,Kulhudhuffushi,MV,2023-01-29 23:41:09,6.6221,73.07,79.61,75,16,5.5
111,Kieta,PG,2023-01-29 23:41:10,-6.2167,155.6333,83.59,77,100,6.26
112,Victoria,HK,2023-01-29 23:40:36,22.2855,114.1577,58.95,48,6,5.99
113,Qom,IR,2023-01-29 23:41:11,34.6401,50.8764,43.16,60,31,3.69
114,Kaitangata,NZ,2023-01-29 23:41:11,-46.2817,169.8464,71.92,55,75,6.17
115,Aberdeen,GB,2023-01-29 23:37:32,57.1437,-2.0981,41.49,69,11,14.97
116,Bay-Khaak,RU,2023-01-29 23:41:12,51.1667,94.5,-6.7,92,100,2.91
117,Saint-Francois,FR,2023-01-29 23:40:49,46.4154,3.9054,31.44,78,100,1.14
118,Fairbanks,US,2023-01-29 23:41:13,64.8378,-147.7164,31.82,93,75,0.0
119,Dikson,RU,2023-01-29 23:41:13,73.5069,80.5464,-28.86,96,45,2.66
120,Jacmel,HT,2023-01-29 23:41:14,18.2342,-72.5347,80.44,71,40,2.77
121,Banda Aceh,ID,2023-01-29 23:41:15,5.5577,95.3222,76.66,86,96,7.49
122,Vostok,RU,2023-01-29 23:41:15,46.4856,135.8833,-9.99,89,96,2.66
123,Gat,IL,2023-01-29 23:41:18,31.61,34.7642,58.41,100,44,1.54
124,Botngard,NO,2023-01-29 23:41:19,63.7653,9.8111,40.86,81,75,27.63
125,Lachi,PK,2023-01-29 23:41:20,33.3833,71.3386,47.88,90,96,0.6
126,Muhos,FI,2023-01-29 23:41:20,64.808,25.9931,29.98,97,100,10.4
127,Ust-Kut,RU,2023-01-29 23:41:22,56.7938,105.7672,17.11,93,100,8.37
128,Martapura,ID,2023-01-29 23:41:24,-3.4167,114.85,75.29,94,40,5.75
129,Oistins,BB,2023-01-29 23:41:24,13.0667,-59.5333,75.29,73,20,6.91
130,Hermanus,ZA,2023-01-29 23:41:25,-34.4187,19.2345,65.8,72,100,21.39
131,Ilulissat,GL,2023-01-29 23:41:26,69.2167,-51.1,17.62,49,75,24.16
132,Tyukhtet,RU,2023-01-29 23:41:26,56.5389,89.3011,12.4,92,100,15.3
133,Pimentel,PE,2023-01-29 23:41:26,-6.8367,-79.9342,77.29,73,0,21.85
134,Cidreira,BR,2023-01-29 23:41:27,-30.1811,-50.2056,73.8,89,2,4.09
135,Harper,LR,2023-01-29 23:41:27,4.375,-7.7169,78.33,85,43,6.26
136,Yinchuan,CN,2023-01-29 23:41:28,38.4681,106.2731,23.86,22,1,2.13
137,Kismayo,SO,2023-01-29 23:41:28,-0.3582,42.5454,76.75,79,100,18.45
138,Bredasdorp,ZA,2023-01-29 23:41:29,-34.5322,20.0403,65.41,67,100,17.54
139,Martinsicuro,IT,2023-01-29 23:41:30,42.8811,13.9145,41.94,75,50,9.66
140,Bolitoc,PH,2023-01-29 23:41:30,15.7395,119.8769,77.07,61,27,4.72
141,Pasni,PK,2023-01-29 23:39:42,25.2631,63.471,61.48,39,0,12.48
142,Narsaq,GL,2023-01-29 23:41:31,60.9167,-46.05,10.62,71,100,7.76
143,Wukari,NG,2023-01-29 23:41:31,7.85,9.7833,83.71,46,93,8.93
144,Adrar,MR,2023-01-29 23:41:32,20.5022,-10.0711,56.66,45,74,9.8
145,Selfoss,IS,2023-01-29 23:41:32,63.9331,-20.9971,26.85,85,11,10.36
146,Koslan,RU,2023-01-29 23:41:33,63.4564,48.8989,11.52,94,99,8.05
147,Senador Jose Porfirio,BR,2023-01-29 23:41:33,-2.5908,-51.9542,75.85,85,77,3.06
148,Belaya Gora,RU,2023-01-29 23:41:34,68.5333,146.4167,-37.39,99,78,2.44
149,Zverinogolovskoye,RU,2023-01-29 23:41:34,54.4586,64.8542,-0.49,98,52,7.36
150,Hithadhoo,MV,2023-01-29 23:41:35,-0.6,73.0833,81.25,74,100,7.67
151,Mecca,SA,2023-01-29 23:37:42,21.4267,39.8261,73.6,65,5,0.45
152,Taoudenni,ML,2023-01-29 23:41:36,22.6783,-3.9836,58.95,16,38,11.3
153,Veraval,IN,2023-01-29 23:41:37,20.9,70.3667,62.38,70,0,14.34
154,Vestmannaeyjar,IS,2023-01-29 23:41:38,63.4427,-20.2734,31.95,82,6,16.62
155,Mata,PT,2023-01-29 23:41:38,40.683,-7.4592,27.77,90,14,5.26
156,Tolaga Bay,NZ,2023-01-29 23:41:39,-38.3667,178.3,71.78,71,99,14.27
157,Jumla,NP,2023-01-29 23:41:39,29.2747,82.1838,34.0,58,19,7.85
158,Atuona,PF,2023-01-29 23:41:40,-9.8,-139.0333,78.98,76,12,17.4
159,Kiyasovo,RU,2023-01-29 23:41:40,56.3491,53.1244,2.97,97,86,7.11
160,Qandala,SO,2023-01-29 23:41:40,11.472,49.8728,73.02,55,11,7.76
161,Ixtapa,MX,2023-01-29 23:41:41,20.7,-105.2,78.03,69,0,12.66
162,Petropavlovka,RU,2023-01-29 23:41:41,50.6114,105.3196,3.6,94,100,3.11
163,Dingle,PH,2023-01-29 23:41:41,10.9995,122.6711,75.51,94,100,11.59
164,Cayenne,GF,2023-01-29 23:41:42,4.9333,-52.3333,77.04,83,75,8.05
165,Vardo,NO,2023-01-29 23:41:42,70.3705,31.1107,28.38,93,40,16.11
166,Clyde River,CA,2023-01-29 23:41:43,70.4692,-68.5914,-15.48,96,100,7.14
167,Quimper,FR,2023-01-29 23:41:43,48.0,-4.1,45.18,100,100,3.44
168,Igbo Ora,NG,2023-01-29 23:41:43,7.4333,3.2833,77.43,75,92,2.68
169,Cabo San Lucas,MX,2023-01-29 23:37:09,22.8909,-109.9124,73.62,76,0,9.22
170,Nelson Bay,AU,2023-01-29 23:41:44,-32.7167,152.15,73.45,98,100,1.01
171,Nabire,ID,2023-01-29 23:41:44,-3.3667,135.4833,76.77,92,100,2.93
172,Rozivka,UA,2023-01-29 23:41:44,46.9385,35.7724,35.15,90,100,10.09
173,Great Yarmouth,GB,2023-01-29 23:41:45,52.6083,1.7305,44.85,90,53,19.93
174,San Patricio,US,2023-01-29 23:41:45,28.017,-97.5169,78.89,79,76,4.99
175,Villa Bruzual,VE,2023-01-29 23:41:45,9.3328,-69.1208,79.65,39,12,3.53
176,Gushikawa,JP,2023-01-29 23:41:46,26.3544,127.8686,56.43,50,75,0.0
177,Nikolskoye,RU,2023-01-29 23:41:46,59.7035,30.7861,33.69,89,95,11.65
178,Constitucion,CL,2023-01-29 23:41:46,-35.3333,-72.4167,60.21,91,49,13.65
179,Balikpapan,ID,2023-01-29 23:41:46,-1.2675,116.8289,74.39,100,40,2.3
180,Bengkulu,ID,2023-01-29 23:41:48,-3.8004,102.2655,74.86,89,99,5.1
181,Buala,SB,2023-01-29 23:41:48,-8.145,159.5921,77.41,92,100,3.98
182,Bereda,ES,2023-01-29 23:41:48,43.2686,-7.5406,30.15,100,36,2.66
183,Skjervoy,NO,2023-01-29 23:41:49,70.0311,20.9714,24.8,65,85,7.63
184,Iqaluit,CA,2023-01-29 23:41:49,63.7506,-68.5145,-29.47,68,100,2.3
185,Watsa,CD,2023-01-29 23:41:49,3.0372,29.5355,65.73,48,44,4.29
186,North Shore,NZ,2023-01-29 23:39:16,-36.8,174.75,70.84,76,100,8.01
187,Clocolan,ZA,2023-01-29 23:41:50,-28.9137,27.5656,56.57,83,2,11.45
188,Port Alfred,ZA,2023-01-29 23:41:50,-33.5906,26.891,64.18,77,100,11.59
189,Thinadhoo,MV,2023-01-29 23:41:50,0.5333,72.9333,80.58,76,100,6.02
190,Sri Aman,MY,2023-01-29 23:41:50,1.2376,111.4621,75.25,94,100,0.0
191,Richards Bay,ZA,2023-01-29 23:41:51,-28.783,32.0377,67.3,83,100,8.9
192,Lebu,CL,2023-01-29 23:41:51,-37.6167,-73.65,61.11,93,11,15.35
193,Galle,LK,2023-01-29 23:41:51,6.0367,80.217,73.2,84,2,1.74
194,Puerto Ayacucho,VE,2023-01-29 23:41:51,5.6639,-67.6236,82.44,44,71,5.82
195,Winnemucca,US,2023-01-29 23:41:52,40.973,-117.7357,22.71,60,43,17.22
196,Udachnyy,RU,2023-01-29 23:41:52,66.4167,112.4,-35.55,65,99,2.42
197,Puerto Leguizamo,CO,2023-01-29 23:41:52,-0.1934,-74.7819,77.81,56,45,1.3
198,Tiksi,RU,2023-01-29 23:41:52,71.6872,128.8694,-35.12,98,90,5.79
199,Jambi,ID,2023-01-29 23:41:53,-1.6,103.6167,72.91,93,99,4.36
200,Tabat,ID,2023-01-29 23:41:53,-2.635,115.2274,76.01,95,98,0.85
201,Bismarck,US,2023-01-29 23:40:00,46.8083,-100.7837,3.04,72,0,14.97
202,Kuusamo,FI,2023-01-29 23:41:53,65.9667,29.1833,24.84,93,100,10.36
203,East London,ZA,2023-01-29 23:40:20,-33.0153,27.9116,65.5,65,100,5.75
204,Najran,SA,2023-01-29 23:39:15,17.4924,44.1277,52.45,62,68,2.35
205,Tamiahua,MX,2023-01-29 23:41:54,21.2667,-97.45,73.49,88,0,11.1
206,Srednekolymsk,RU,2023-01-29 23:41:54,67.45,153.6833,-15.7,97,100,12.15
207,Las Vegas,US,2023-01-29 23:38:33,36.175,-115.1372,59.68,31,0,14.97
208,Mahebourg,MU,2023-01-29 23:41:54,-20.4081,57.7,78.26,94,20,0.0
209,Sisimiut,GL,2023-01-29 23:41:55,66.9395,-53.6735,15.84,80,100,7.56
210,Kissamos,GR,2023-01-29 23:41:55,35.4939,23.6569,47.88,81,73,9.82
211,Hasaki,JP,2023-01-29 23:41:55,35.7333,140.8333,37.22,70,20,11.54
212,Codrington,AU,2023-01-29 23:41:55,-38.2667,141.9667,64.6,57,65,8.55
213,Trairi,BR,2023-01-29 23:40:50,-3.2778,-39.2689,78.3,81,15,6.73
214,Talnakh,RU,2023-01-29 23:41:56,69.4865,88.3972,-6.05,100,100,0.83
215,Ribeira Grande,PT,2023-01-29 23:41:56,38.5167,-28.7,53.78,85,14,11.01
216,New Philadelphia,US,2023-01-29 23:41:57,40.4898,-81.4457,44.46,94,100,5.75
217,Sao Joao Da Barra,BR,2023-01-29 23:40:48,-21.6403,-41.0511,78.89,85,61,20.67
218,Xining,CN,2023-01-29 23:41:57,36.6167,101.7667,24.42,25,0,1.99
219,Matara,LK,2023-01-29 23:41:57,5.9485,80.5353,71.11,89,4,3.65
220,Waipawa,NZ,2023-01-29 23:41:57,-41.4122,175.5153,73.81,64,91,4.09
221,Linxia,CN,2023-01-29 23:41:58,35.6003,103.2064,19.44,64,0,2.8
222,Port Shepstone,ZA,2023-01-29 23:41:58,-30.7414,30.455,66.16,72,100,5.23
223,Petropavlovsk-Kamchatskiy,RU,2023-01-29 23:41:58,53.0452,158.6483,27.19,59,20,13.42
224,Namibe,AO,2023-01-29 23:41:59,-15.1961,12.1522,74.25,80,99,6.17
225,Acapulco,MX,2023-01-29 23:41:59,16.8634,-99.8901,84.02,70,0,6.91
226,Yekaterinoslavka,RU,2023-01-29 23:41:59,50.3734,129.1139,-29.07,100,35,1.1
227,Wanaka,NZ,2023-01-29 23:38:26,-44.7,169.15,79.11,40,52,3.0
228,Suez,EG,2023-01-29 23:42:00,29.9737,32.5263,57.31,77,21,11.34
229,Aklavik,CA,2023-01-29 23:42:00,68.2191,-135.0107,-6.21,98,96,2.17
230,Norman Wells,CA,2023-01-29 23:42:00,65.282,-126.8329,15.84,86,75,11.5
231,Port Keats,AU,2023-01-29 23:42:00,-14.25,129.55,81.3,82,99,6.69
232,Taltal,CL,2023-01-29 23:40:21,-25.4,-70.4833,67.03,80,91,3.96
233,Samarai,PG,2023-01-29 23:42:01,-10.6167,150.6667,84.58,73,24,8.01
234,Itarema,BR,2023-01-29 23:42:01,-2.9248,-39.9167,78.44,80,20,9.15
235,Gobabis,NA,2023-01-29 23:42:01,-22.45,18.9667,68.16,70,100,12.24
236,Nanchong,CN,2023-01-29 23:42:02,30.7951,106.0847,42.6,50,0,3.29
237,Hanzhong,CN,2023-01-29 23:42:03,33.0728,107.0303,35.28,47,1,1.59
238,Lesozavodsk,RU,2023-01-29 23:42:03,45.4794,133.4244,-15.12,99,65,4.68
239,Laguna,US,2023-01-29 23:42:03,38.421,-121.4238,51.44,72,100,5.75
240,Coquimbo,CL,2023-01-29 23:42:04,-29.9533,-71.3436,65.93,68,0,11.5
241,Bada,RU,2023-01-29 23:42:04,51.392,109.8717,5.16,96,100,1.95
242,Goba,ET,2023-01-29 23:42:05,7.0167,39.9833,49.6,68,1,3.98
243,Brownsville,US,2023-01-29 23:42:06,25.9018,-97.4975,80.1,76,20,18.41
244,Fayaoue,NC,2023-01-29 23:42:07,-20.65,166.5333,79.81,73,41,5.86
245,Provideniya,RU,2023-01-29 23:42:07,64.3833,-173.3,26.71,80,100,22.37
246,Anajatuba,BR,2023-01-29 23:42:08,-3.2644,-44.6197,74.1,96,99,2.82
247,Olafsvik,IS,2023-01-29 23:42:09,64.8945,-23.7142,28.56,76,37,10.63
248,Darnah,LY,2023-01-29 23:42:10,32.767,22.6367,53.56,60,4,14.63
249,Sabang,ID,2023-01-29 23:42:10,5.8933,95.3214,79.92,82,91,15.84
250,Pechenga,RU,2023-01-29 23:42:11,69.5259,31.1703,11.7,91,79,8.57
251,Katsuura,JP,2023-01-29 23:42:12,35.1333,140.3,45.68,59,11,18.48
252,Sistranda,NO,2023-01-29 23:42:12,63.7256,8.834,40.96,73,100,25.12
253,Yuanping,CN,2023-01-29 23:42:13,38.7153,112.7575,20.16,43,0,0.4
254,Kodiak,US,2023-01-29 23:42:13,57.79,-152.4072,38.71,100,100,9.22
255,Penzance,GB,2023-01-29 23:38:14,50.1186,-5.5371,48.88,90,60,17.69
256,Birin,NP,2023-01-29 23:42:15,26.8865,88.0718,50.29,63,4,4.94
257,Kondagaon,IN,2023-01-29 23:42:15,19.6,81.6667,58.69,76,1,2.77
258,Vilcun,CL,2023-01-29 23:42:15,-38.65,-72.2333,61.54,75,0,5.37
259,Nola,IT,2023-01-29 23:42:16,40.922,14.5329,46.26,81,1,4.52
260,Qasigiannguit,GL,2023-01-29 23:42:16,68.8193,-51.1922,17.85,72,99,9.1
261,Maxixe,MZ,2023-01-29 23:42:17,-23.8597,35.3472,76.48,84,46,11.39
262,Alofi,NU,2023-01-29 23:42:17,-19.0595,-169.9187,78.69,89,83,8.05
263,Maldonado,UY,2023-01-29 23:38:26,-34.6667,-54.9167,72.79,80,2,9.04
264,Port Hedland,AU,2023-01-29 23:42:19,-20.3167,118.5667,82.45,94,54,3.44
265,Wuhu,CN,2023-01-29 23:42:19,31.3366,118.3755,37.42,56,0,4.36
266,Kahului,US,2023-01-29 23:39:30,20.8947,-156.47,73.42,81,40,16.11
267,Bafq,IR,2023-01-29 23:42:20,31.6128,55.4107,49.1,39,1,7.61
268,Benghazi,LY,2023-01-29 23:42:20,32.1167,20.0667,56.17,67,37,13.51
269,Urusha,RU,2023-01-29 23:42:21,54.05,122.9,-27.45,99,25,2.19
270,Khashuri,GE,2023-01-29 23:42:21,41.9941,43.5999,36.9,98,100,5.32
271,Chimbote,PE,2023-01-29 23:42:22,-9.0853,-78.5783,72.23,78,76,7.34
272,Karratha,AU,2023-01-29 23:42:23,-20.7377,116.8463,86.7,51,21,1.54
273,Hami,CN,2023-01-29 23:42:24,42.8,93.45,17.58,36,54,3.0
274,Bhatkal,IN,2023-01-29 23:42:25,13.9667,74.5667,71.91,76,61,3.65
275,Tucuman,AR,2023-01-29 23:42:25,-26.8241,-65.2226,78.8,83,75,6.91
276,Bubaque,GW,2023-01-29 23:42:25,11.2833,-15.8333,77.79,62,65,11.92
277,Meulaboh,ID,2023-01-29 23:42:26,4.1363,96.1285,75.76,90,99,3.31
278,Charters Towers,AU,2023-01-29 23:42:26,-20.1,146.2667,82.99,59,56,9.64
279,Yarada,IN,2023-01-29 23:42:27,17.65,83.2667,73.72,94,20,2.3
280,Bela Vista,BR,2023-01-29 23:42:26,-22.1089,-56.5211,81.72,63,91,3.62
281,Fortuna,US,2023-01-29 23:42:27,40.5982,-124.1573,54.36,51,0,16.11
282,Claveria,PH,2023-01-29 23:42:28,18.6074,121.0832,69.39,88,100,18.43
283,Upernavik,GL,2023-01-29 23:42:28,72.7868,-56.1549,-4.88,67,74,8.23
284,Dunedin,NZ,2023-01-29 23:42:29,-45.8742,170.5036,69.17,52,36,6.35
285,Qinzhou,CN,2023-01-29 23:42:29,21.95,108.6167,51.17,32,2,3.53
286,Srbobran,RS,2023-01-29 23:42:31,45.5539,19.8028,29.93,73,84,6.17
287,Pocone,BR,2023-01-29 23:42:31,-16.2567,-56.6228,77.34,75,55,5.59
288,Kandrian,PG,2023-01-29 23:42:32,-6.2167,149.55,84.85,70,73,8.43
289,Isangel,VU,2023-01-29 23:42:32,-19.55,169.2667,85.08,68,100,4.94
290,Broome,US,2023-01-29 23:42:35,42.2506,-75.833,42.85,75,100,8.05
291,Sovetskiy,RU,2023-01-29 23:42:35,61.3614,63.5842,7.12,94,100,6.51
292,Avera,US,2023-01-29 23:42:36,33.194,-82.5271,49.37,94,100,2.82
293,Jaque,PA,2023-01-29 23:42:37,7.5175,-78.1703,80.31,80,100,6.93
294,Ahipara,NZ,2023-01-29 23:42:37,-35.1667,173.1667,66.09,95,100,15.12
295,Lavrentiya,RU,2023-01-29 23:42:38,65.5833,-171.0,18.48,95,76,15.1
296,Itaituba,BR,2023-01-29 23:42:38,-4.2761,-55.9836,75.36,94,75,0.0
297,Lorengau,PG,2023-01-29 23:42:38,-2.0226,147.2712,84.22,70,89,3.04
298,Atar,MR,2023-01-29 23:42:39,20.5169,-13.0499,60.33,40,58,8.61
299,Thompson,CA,2023-01-29 23:42:39,55.7435,-97.8558,-20.04,69,40,6.91
300,San Miguel,SV,2023-01-29 23:42:39,13.4833,-88.1833,85.03,36,44,4.59
301,Cusuna,HN,2023-01-29 23:42:40,15.85,-85.2333,75.15,78,76,7.52
302,Sola,VU,2023-01-29 23:42:40,-13.8833,167.55,81.46,74,100,8.5
303,Rena,NO,2023-01-29 23:42:40,61.1348,11.3641,33.55,66,45,13.85
304,Mponela,MW,2023-01-29 23:42:41,-13.5319,33.7401,62.87,97,100,1.72
305,Arys,KZ,2023-01-29 23:42:41,42.4252,68.795,20.71,91,78,4.25
306,Durg,IN,2023-01-29 23:42:41,21.1833,81.2833,64.36,53,1,5.88
307,Usoke,TZ,2023-01-29 23:42:42,-5.1667,32.35,62.85,85,20,2.59
308,Grindavik,IS,2023-01-29 23:42:42,63.8424,-22.4338,30.67,80,75,8.05
309,Northam,GB,2023-01-29 23:42:42,51.0333,-4.2167,49.39,96,86,15.14
310,Achit,RU,2023-01-29 23:42:42,56.7985,57.8994,5.86,97,95,6.46
311,Grand Gaube,MU,2023-01-29 23:42:43,-20.0064,57.6608,78.39,88,100,3.13
312,Jinxiang,CN,2023-01-29 23:42:43,27.4327,120.6062,43.79,57,0,4.34
313,Qaanaaq,GL,2023-01-29 23:42:43,77.484,-69.3632,-11.38,76,85,5.86
314,Santa Rosa,PH,2023-01-29 23:42:44,14.3122,121.1114,78.1,74,70,12.82
315,Kiama,AU,2023-01-29 23:42:44,-34.6833,150.8667,79.38,87,100,3.0
316,Nongstoin,IN,2023-01-29 23:42:44,25.5167,91.2667,51.75,46,0,3.71
317,Tapalpa,MX,2023-01-29 23:42:45,19.95,-103.7667,68.45,27,0,7.45
318,Gasa,PS,2023-01-29 23:42:45,31.5,34.4667,53.89,75,41,2.8
319,Akureyri,IS,2023-01-29 23:42:45,65.6835,-18.0878,28.33,74,100,10.36
320,Half Moon Bay,US,2023-01-29 23:42:46,37.4636,-122.4286,51.75,78,100,12.66
321,Cherskiy,RU,2023-01-29 23:42:46,68.75,161.3,1.29,90,100,7.23
322,Kazanlak,BG,2023-01-29 23:42:46,42.6167,25.4,33.17,90,81,2.82
323,Nehe,CN,2023-01-29 23:42:46,48.4833,124.8333,-21.59,100,80,1.79
324,Geraldton,AU,2023-01-29 23:38:48,-28.7667,114.6,79.21,65,16,2.3
325,Flinders,AU,2023-01-29 23:42:47,-34.5833,150.8552,79.18,84,100,4.0
326,Ajdabiya,LY,2023-01-29 23:42:47,30.7554,20.2263,55.04,51,3,10.02
327,Lisakovsk,KZ,2023-01-29 23:42:47,52.5369,62.4936,0.25,93,35,8.08
328,Marawi,PH,2023-01-29 23:42:48,7.9986,124.2928,70.21,92,100,0.72
329,Perelyub,RU,2023-01-29 23:42:48,51.8667,50.3667,14.76,95,98,6.22
330,Jalu,LY,2023-01-29 23:42:48,29.0331,21.5482,52.99,46,1,9.24
331,Pilar,BR,2023-01-29 23:42:48,-9.5972,-35.9567,76.93,83,18,4.52
332,Hambantota,LK,2023-01-29 23:42:49,6.1241,81.1185,72.0,82,15,5.01
333,Poum,NC,2023-01-29 23:42:49,-20.2333,164.0167,79.7,71,1,13.13
334,Marzuq,YE,2023-01-29 23:42:49,14.4,46.4667,57.22,57,53,2.66
335,Boysun,UZ,2023-01-29 23:42:50,38.2061,67.1986,33.08,57,95,6.06
336,Pagsangahan,PH,2023-01-29 23:42:50,13.2158,122.5431,75.9,87,99,20.87
337,Douglas,US,2023-01-29 23:42:50,41.3,-96.167,8.65,71,100,12.66
338,Erzin,TR,2023-01-29 23:42:50,36.9559,36.2,49.35,83,100,3.18
339,Tura,IN,2023-01-29 23:42:51,25.5198,90.2201,59.13,62,0,3.53
340,Pisco,PE,2023-01-29 23:42:51,-13.7,-76.2167,75.25,78,75,21.85
341,Vazante,BR,2023-01-29 23:42:51,-17.9869,-46.9078,70.41,87,98,2.13
342,Uinskoye,RU,2023-01-29 23:42:51,56.8817,56.5813,8.49,93,99,10.92
343,Luderitz,NA,2023-01-29 23:42:52,-26.6481,15.1594,58.68,92,0,9.93
344,Yemtsa,RU,2023-01-29 23:42:52,63.0734,40.3329,26.8,93,100,10.49
345,Agadez,NE,2023-01-29 23:42:52,19.75,10.25,60.21,7,30,10.6
346,Rio Gallegos,AR,2023-01-29 23:42:53,-51.6226,-69.2181,64.45,48,75,10.36
347,Xiongzhou,CN,2023-01-29 23:42:53,25.1167,114.3,40.33,42,0,1.59
348,Mana,GF,2023-01-29 23:42:53,5.6592,-53.7767,74.75,90,32,8.99
349,Sechura,PE,2023-01-29 23:42:53,-5.5569,-80.8222,77.76,62,13,14.29
350,Znamenskoye,RU,2023-01-29 23:42:54,57.1281,73.8282,4.62,97,74,5.26
351,Shulin,CN,2023-01-29 23:42:54,22.7454,108.423,37.96,35,6,1.7
352,Corn Island,NI,2023-01-29 23:42:54,12.1694,-83.0418,79.63,75,99,19.82
353,Torbay,CA,2023-01-29 23:42:54,47.6666,-52.7314,29.57,70,75,19.57
354,Tessalit,ML,2023-01-29 23:42:55,20.1986,1.0114,54.36,11,24,7.96
355,Sorong,ID,2023-01-29 23:42:55,-0.8833,131.25,78.53,88,100,8.52
356,Santa Marta,CO,2023-01-29 23:42:55,11.2408,-74.199,84.25,70,20,18.99
357,Grenville,GD,2023-01-29 23:42:55,12.1167,-61.6167,75.25,72,16,13.02
358,Saldanha,ZA,2023-01-29 23:42:56,-33.0117,17.9442,69.85,67,1,10.96
359,Hamilton,US,2023-01-29 23:40:49,39.1834,-84.5333,46.24,94,100,5.75
360,Iquitos,PE,2023-01-29 23:42:56,-3.7481,-73.2472,84.24,74,40,3.44
361,Gama,ES,2023-01-29 23:42:56,42.748,-4.2068,21.13,95,46,3.29
362,Eyl,SO,2023-01-29 23:42:57,7.9803,49.8164,74.14,71,28,15.55
363,Anadyr,RU,2023-01-29 23:42:57,64.75,177.4833,30.7,80,75,33.55
364,Zharkent,KZ,2023-01-29 23:42:57,44.1628,80.0,12.07,78,98,3.4
365,Nouadhibou,MR,2023-01-29 23:42:57,20.931,-17.0347,62.58,67,60,16.11
366,Asyut,EG,2023-01-29 23:42:58,27.181,31.1837,61.84,33,8,5.75
367,Leninskoye,KZ,2023-01-29 23:42:58,41.7589,69.3864,21.61,78,34,5.7
368,Wilmington,US,2023-01-29 23:40:33,34.2257,-77.9447,60.71,77,100,4.61
369,Lasa,IT,2023-01-29 23:42:58,46.6166,10.7002,25.36,50,68,5.26
370,Miri,MY,2023-01-29 23:42:59,4.4148,114.0089,75.34,100,20,2.3
371,Kasongo,CD,2023-01-29 23:42:59,-4.45,26.6667,66.11,97,100,3.74
372,Juba,SS,2023-01-29 23:40:32,4.8517,31.5825,76.84,34,2,0.98
373,Omboue,GA,2023-01-29 23:42:59,-1.5746,9.2618,77.94,80,41,5.17
374,Chiselet,RO,2023-01-29 23:42:59,44.1833,26.85,33.96,89,100,4.16
375,Tual,ID,2023-01-29 23:43:00,-5.6667,132.75,81.39,78,100,4.7
376,Nisia Floresta,BR,2023-01-29 23:43:00,-6.0911,-35.2086,79.61,74,41,11.65
377,Aswan,EG,2023-01-29 23:43:00,24.0934,32.907,69.01,34,1,1.83
378,Morondava,MG,2023-01-29 23:43:01,-20.2833,44.2833,79.41,80,15,1.54
379,Khasan,RU,2023-01-29 23:43:01,42.4308,130.6434,15.1,64,14,13.11
380,Sakakah,SA,2023-01-29 23:43:01,29.9697,40.2064,60.37,45,91,3.78
381,San Andres,CO,2023-01-29 23:43:01,12.5847,-81.7006,82.42,69,20,12.66
382,Derzhavinsk,KZ,2023-01-29 23:43:02,51.1,66.3167,-8.3,97,11,6.11
383,Soyo,AO,2023-01-29 23:43:02,-6.1349,12.3689,79.97,81,100,3.02
384,Araouane,ML,2023-01-29 23:43:03,18.9048,-3.5265,57.06,19,66,6.98
385,Angoram,PG,2023-01-29 23:43:03,-4.0625,144.0661,87.17,65,86,0.43
386,Abapo,BO,2023-01-29 23:43:04,-18.8333,-63.4667,64.99,98,97,5.48
387,Anchorage,US,2023-01-29 23:39:16,61.2181,-149.9003,39.67,87,100,6.91
388,Novodugino,RU,2023-01-29 23:43:05,55.6305,34.2842,24.49,93,100,11.56
389,La Sarre,CA,2023-01-29 23:43:06,48.8002,-79.1996,-11.72,99,76,3.67
390,Erdenet,MN,2023-01-29 23:43:07,49.0333,104.0833,-3.75,92,59,5.53
391,Kaeo,NZ,2023-01-29 23:43:08,-35.1,173.7833,69.33,96,100,14.56
392,Vrangel,RU,2023-01-29 23:43:09,42.7297,133.0839,11.21,60,9,10.69
393,Los Llanos De Aridane,ES,2023-01-29 23:43:10,28.6585,-17.9182,55.15,82,75,11.5
394,Tautira,PF,2023-01-29 23:43:10,-17.7333,-149.15,80.29,75,6,10.18
395,Linqiong,CN,2023-01-29 23:43:11,30.4159,103.4609,33.62,58,0,0.92
396,Seoul,KR,2023-01-29 23:43:11,37.5683,126.9778,24.4,72,0,3.44
397,Faanui,PF,2023-01-29 23:43:11,-16.4833,-151.75,81.25,74,11,11.99
398,Pathein,MM,2023-01-29 23:43:12,16.7833,94.7333,68.18,91,76,3.27
399,Machiques,VE,2023-01-29 23:43:12,10.0644,-72.545,76.8,60,38,4.34
400,Frutal,BR,2023-01-29 23:43:13,-20.0247,-48.9406,74.16,83,96,2.44
401,Kitimat,CA,2023-01-29 23:40:22,54.0524,-128.6534,29.91,57,60,2.68
402,Abu Samrah,SY,2023-01-29 23:43:14,35.3029,37.1841,46.99,87,36,5.88
403,Sidrolandia,BR,2023-01-29 23:43:14,-20.9319,-54.9614,74.21,78,78,4.65
404,Athens,GR,2023-01-29 23:42:20,37.9795,23.7162,48.33,76,20,10.0
405,Tucuma,BR,2023-01-29 23:43:15,-0.1833,-50.05,74.57,93,20,5.3
406,Ola,RU,2023-01-29 23:43:15,59.5833,151.2833,10.72,77,100,8.43
407,Golden,US,2023-01-29 23:43:16,39.7555,-105.2211,21.09,85,100,6.91
408,Morgan City,US,2023-01-29 23:42:47,29.6994,-91.2068,73.0,94,100,11.5
409,Taksimo,RU,2023-01-29 23:43:16,56.3444,114.8794,-8.09,91,100,0.56
410,Louis Trichardt,ZA,2023-01-29 23:43:17,-23.0439,29.9032,64.4,94,100,12.82
411,Birjand,IR,2023-01-29 23:43:17,32.8663,59.2211,32.47,80,75,6.91
412,Veracruz,MX,2023-01-29 23:40:49,19.3333,-96.6667,72.48,67,8,4.76
413,Acajutla,SV,2023-01-29 23:43:18,13.5928,-89.8275,78.64,65,60,3.51
414,Mount Gambier,AU,2023-01-29 23:43:18,-37.8333,140.7667,66.83,51,32,6.8
415,Ballina,AU,2023-01-29 23:43:19,-28.8667,153.5667,75.69,82,100,8.79
416,Hovd,MN,2023-01-29 23:43:20,48.0056,91.6419,3.42,72,51,3.87
417,Besikduzu,TR,2023-01-29 23:43:20,41.052,39.2284,46.29,89,100,4.43
418,Lompoc,US,2023-01-29 23:43:20,34.6391,-120.4579,54.01,79,75,11.01
419,Dicabisagan,PH,2023-01-29 23:43:21,17.0818,122.4157,72.1,89,100,12.17
420,Salalah,OM,2023-01-29 23:43:23,17.0151,54.0924,66.29,37,0,13.8
421,Camana,PE,2023-01-29 23:43:23,-16.6228,-72.7111,74.34,78,73,3.27
422,Manokwari,ID,2023-01-29 23:43:24,-0.8667,134.0833,79.23,81,100,4.81
423,Comodoro Rivadavia,AR,2023-01-29 23:43:24,-45.8667,-67.5,75.06,50,0,17.27
424,Pevek,RU,2023-01-29 23:43:25,69.7008,170.3133,6.82,90,100,1.7
425,Atambua,ID,2023-01-29 23:43:25,-9.1061,124.8925,78.84,79,97,1.1
426,Buraydah,SA,2023-01-29 23:41:18,26.326,43.975,57.65,46,72,9.75
427,Ornskoldsvik,SE,2023-01-29 23:43:26,63.2909,18.7153,32.95,100,100,5.75
428,Lilongwe,MW,2023-01-29 23:43:26,-13.9669,33.7873,65.26,95,100,1.61
429,Ust-Ishim,RU,2023-01-29 23:43:27,57.6935,71.1665,5.97,97,72,5.23
430,Pangnirtung,CA,2023-01-29 23:43:27,66.1451,-65.7125,-24.23,75,79,2.44
431,Kruisfontein,ZA,2023-01-29 23:43:29,-34.0033,24.7314,59.88,69,100,5.3
432,Naze,JP,2023-01-29 23:43:29,28.3667,129.4833,52.72,56,90,14.2
433,Mbuji-Mayi,CD,2023-01-29 23:43:30,-6.15,23.6,67.69,98,75,3.18
434,Jadu,LY,2023-01-29 23:43:32,31.953,12.0261,39.65,60,4,2.26
435,Am Timan,TD,2023-01-29 23:43:32,11.0297,20.2827,80.26,16,63,5.93
436,Pachino,IT,2023-01-29 23:43:33,36.7186,15.0907,52.57,67,92,11.23
437,Fethiye,TR,2023-01-29 23:43:34,36.6217,29.1164,44.47,69,18,5.06
438,Carbonia,IT,2023-01-29 23:43:34,39.1672,8.5222,45.55,70,13,4.59
439,Saint-Pierre,RE,2023-01-29 23:43:35,-21.3393,55.4781,78.48,73,0,4.61
440,Mula,ES,2023-01-29 23:43:35,38.0409,-1.4901,41.49,90,87,4.03
441,Trincomalee,LK,2023-01-29 23:43:35,8.5711,81.2335,78.17,79,100,6.49
442,Dzerzhinskoye,RU,2023-01-29 23:43:36,56.8344,95.2283,12.76,81,100,10.29
443,Paamiut,GL,2023-01-29 23:43:36,61.994,-49.6678,21.97,71,100,13.11
444,Vanimo,PG,2023-01-29 23:43:37,-2.6741,141.3028,81.72,80,99,1.72
445,Key Biscayne,US,2023-01-29 23:41:21,25.6937,-80.1628,77.02,84,85,1.99
446,Mezhevoy,RU,2023-01-29 23:43:37,55.1711,58.7814,6.58,96,78,3.78
447,Klaksvik,FO,2023-01-29 23:43:37,62.2266,-6.589,38.32,73,79,34.99
448,Mbini,GQ,2023-01-29 23:43:38,1.574,9.6134,80.44,83,26,5.68
449,Cavalcante,BR,2023-01-29 23:43:38,-13.7975,-47.4583,68.45,87,96,1.52
450,Pacific Grove,US,2023-01-29 23:39:51,36.6177,-121.9166,55.69,75,75,9.22
451,Tilichiki,RU,2023-01-29 23:43:38,60.4667,166.1,30.7,93,99,30.27
452,Kenora,CA,2023-01-29 23:42:36,49.8167,-94.4337,-3.23,71,40,8.01
453,Mitsamiouli,KM,2023-01-29 23:43:39,-11.3847,43.2844,80.15,82,70,5.64
454,Bukama,CD,2023-01-29 23:43:39,-9.2,25.85,67.06,97,30,1.54
455,Shizuishan,CN,2023-01-29 23:43:39,39.2333,106.7694,19.67,27,5,3.44
456,Rafraf,TN,2023-01-29 23:43:40,37.1904,10.1837,44.91,76,16,11.14
457,Nemuro,JP,2023-01-29 23:43:40,43.3236,145.575,20.61,52,4,3.09
458,Stornoway,GB,2023-01-29 23:43:40,58.2093,-6.3865,43.93,81,75,26.46
459,Lebanon,US,2023-01-29 23:40:15,36.2081,-86.2911,50.49,90,100,0.0
460,Amasia,TR,2023-01-29 23:43:40,40.6533,35.8331,35.33,91,97,1.34
461,Seymchan,RU,2023-01-29 23:43:41,62.8833,152.4333,-12.06,98,100,11.83
462,Moberly,US,2023-01-29 23:43:41,39.4184,-92.4382,21.42,74,100,10.36
463,Tiarei,PF,2023-01-29 23:43:41,-17.5333,-149.3333,84.22,75,6,9.31
464,Puerto Quijarro,BO,2023-01-29 23:43:42,-17.7833,-57.7667,75.2,90,53,2.82
465,Vila Franca Do Campo,PT,2023-01-29 23:43:42,37.7167,-25.4333,54.01,72,37,8.93
466,Khandyga,RU,2023-01-29 23:43:42,62.6667,135.6,-56.45,100,78,0.4
467,Baykit,RU,2023-01-29 23:43:42,61.67,96.37,-2.09,100,98,1.36
468,Turukhansk,RU,2023-01-29 23:43:43,65.8167,87.9833,-10.8,99,76,4.36
469,Viransehir,TR,2023-01-29 23:43:43,37.2353,39.7631,41.18,78,98,9.78
470,Glendive,US,2023-01-29 23:43:43,47.1053,-104.7125,0.48,65,20,15.01
471,Sauda,NO,2023-01-29 23:43:43,59.6506,6.3542,35.96,95,100,24.67
472,Kota Kinabalu,MY,2023-01-29 23:43:45,5.9749,116.0724,75.18,100,40,3.44
473,Port Lincoln,AU,2023-01-29 23:43:45,-34.7333,135.8667,64.18,66,86,10.11
474,Waingapu,ID,2023-01-29 23:43:45,-9.6567,120.2641,81.52,77,88,5.19
475,Tres Lagoas,BR,2023-01-29 23:43:46,-20.7511,-51.6783,76.21,76,68,4.81
476,Progreso,MX,2023-01-29 23:43:46,21.2833,-89.6667,87.91,72,5,12.62
477,Orizatlan,MX,2023-01-29 23:43:46,21.1833,-98.6167,77.22,61,0,3.6
478,Alakurtti,RU,2023-01-29 23:43:46,66.9672,30.3491,24.17,97,100,3.31
479,Yining,CN,2023-01-29 23:43:47,29.0361,114.5636,37.72,48,0,2.3
480,Malanje,AO,2023-01-29 23:43:47,-9.5402,16.341,63.39,97,87,3.29
481,Esperance,AU,2023-01-29 23:43:47,-33.8667,121.9,69.48,51,29,7.81
482,Iquique,CL,2023-01-29 23:42:25,-20.2208,-70.1431,73.44,82,83,1.54
483,Nago,JP,2023-01-29 23:43:48,26.5881,127.9761,55.83,56,83,11.5
484,Venice,US,2023-01-29 23:43:48,27.0998,-82.4543,77.05,86,0,0.0
485,Potiskum,NG,2023-01-29 23:43:48,11.7091,11.0694,75.96,22,83,4.14
486,Bilibino,RU,2023-01-29 23:43:48,68.0546,166.4372,9.61,87,100,5.7
487,Husavik,IS,2023-01-29 23:43:49,66.0449,-17.3389,23.77,78,100,16.02
488,Lata,PT,2023-01-29 23:43:49,40.1629,-8.3327,40.91,78,30,3.76
489,Yar-Sale,RU,2023-01-29 23:43:49,66.8333,70.8333,-6.48,96,100,8.86
490,Quepos,CR,2023-01-29 23:43:50,9.4236,-84.1652,77.25,76,100,0.78
491,Russell,US,2023-01-29 23:43:50,32.3502,-85.1999,61.88,88,40,0.0
492,Oltu,TR,2023-01-29 23:43:50,40.5498,42.0013,27.93,90,97,2.84
493,Madera,US,2023-01-29 23:43:10,37.1666,-119.8343,50.45,89,95,6.33
494,Marsh Harbour,BS,2023-01-29 23:43:51,26.5412,-77.0636,74.5,82,27,16.11
495,San Jose,US,2023-01-29 23:42:13,37.3394,-121.895,54.28,69,75,11.01
496,Biasca,CH,2023-01-29 23:43:51,46.3597,8.9697,36.66,57,60,7.72
497,Tanete,ID,2023-01-29 23:43:51,-3.9443,119.7848,78.22,83,99,3.6
498,Gannan,CN,2023-01-29 23:43:51,47.9147,123.5031,-14.75,96,8,2.57
499,Oranjestad,AW,2023-01-29 23:43:52,12.524,-70.027,78.75,73,40,17.27
500,Sao Jose Da Coroa Grande,BR,2023-01-29 23:43:52,-8.8978,-35.1478,78.87,75,6,10.58
501,Premia De Mar,ES,2023-01-29 23:43:52,41.4921,2.3652,47.32,61,6,5.99
502,Kavaratti,IN,2023-01-29 23:43:53,10.5669,72.642,80.1,71,72,12.17
503,Alihe,CN,2023-01-29 23:43:53,50.5667,123.7167,-17.64,100,36,3.44
504,Mandera,KE,2023-01-29 23:43:53,3.9366,41.867,76.87,59,32,17.0
505,Parabel,RU,2023-01-29 23:43:53,58.6978,81.4825,13.41,95,100,7.36
506,Chisec,GT,2023-01-29 23:43:54,15.8167,-90.2833,80.83,67,89,5.01
507,Nanortalik,GL,2023-01-29 23:43:54,60.1432,-45.2371,23.16,84,100,9.33
508,El Dorado,US,2023-01-29 23:43:54,38.7666,-120.5177,36.19,96,100,2.17
509,Brae,GB,2023-01-29 23:43:55,60.3964,-1.353,41.97,69,83,31.32
510,Tabatinga,BR,2023-01-29 23:43:55,-4.2525,-69.9381,80.69,83,75,5.75
511,Tomatlan,MX,2023-01-29 23:43:55,19.9333,-105.25,85.5,44,0,8.19
512,Pacifica,US,2023-01-29 23:41:19,37.6138,-122.4869,50.23,71,100,13.0
513,Dakar,SN,2023-01-29 23:43:55,14.6937,-17.4441,65.28,68,91,19.57
514,Porbandar,IN,2023-01-29 23:43:56,21.6422,69.6093,63.73,74,0,12.91
515,Polunochnoye,RU,2023-01-29 23:43:56,60.8697,60.4153,4.08,92,45,4.56
516,Coos Bay,US,2023-01-29 23:43:56,43.3665,-124.2179,44.58,62,0,17.27
517,Puerto Colombia,CO,2023-01-29 23:43:56,10.9878,-74.9547,78.89,81,78,25.64
518,Tabou,CI,2023-01-29 23:43:57,4.423,-7.3528,77.77,87,70,6.13
519,Chinhoyi,ZW,2023-01-29 23:43:57,-17.3667,30.2,64.65,94,84,3.24
520,Okhtyrka,UA,2023-01-29 23:43:57,50.3104,34.8988,24.31,86,22,4.72
521,Marysville,US,2023-01-29 23:43:58,48.0518,-122.1771,41.68,50,0,3.44
522,Chancay,PE,2023-01-29 23:43:58,-11.5714,-77.2672,72.48,82,95,5.35
523,Acheng,CN,2023-01-29 23:43:58,45.5454,126.977,-7.74,100,90,4.79
524,Cootamundra,AU,2023-01-29 23:43:58,-34.65,148.0333,68.95,75,100,5.26
525,Margate,GB,2023-01-29 23:44:00,51.3813,1.3862,43.3,87,82,3.0
526,Lazurne,UA,2023-01-29 23:44:00,46.084,32.5295,29.82,75,82,15.59
527,Paita,PE,2023-01-29 23:44:00,-5.0892,-81.1144,73.47,77,29,12.71
528,Ust-Nera,RU,2023-01-29 23:44:00,64.5667,143.2,-26.37,99,89,2.84
529,Kaduna,NG,2023-01-29 23:43:38,10.5222,7.4383,78.15,48,93,4.14
530,Kutum,SD,2023-01-29 23:44:01,14.2,24.6667,70.03,15,97,5.93
531,Paratinga,BR,2023-01-29 23:44:01,-12.6906,-43.1842,76.08,66,39,2.44
532,Nador,MA,2023-01-29 23:44:02,35.174,-2.9287,53.85,66,75,5.75
533,Pampierstad,ZA,2023-01-29 23:44:02,-27.7832,24.6877,72.63,35,29,1.19
534,Florianopolis,BR,2023-01-29 23:44:03,-27.6146,-48.5012,73.62,90,75,4.61
535,Minas,UY,2023-01-29 23:44:03,-34.3759,-55.2377,66.18,80,0,12.8
536,Khorramshahr,IR,2023-01-29 23:44:04,30.4397,48.1664,60.76,82,75,16.11
537,Huarmey,PE,2023-01-29 23:44:04,-10.0681,-78.1522,72.86,80,65,7.31
538,Mao,ES,2023-01-29 23:44:04,39.8885,4.2658,48.76,81,75,16.11
539,Pozo Colorado,PY,2023-01-29 23:44:05,-23.4923,-58.7972,83.46,62,36,4.16
540,Mehriz,IR,2023-01-29 23:44:05,31.5917,54.4318,39.7,45,23,5.66
541,Lobau,DE,2023-01-29 23:44:06,51.1,14.6667,28.56,83,100,11.9
542,Lagoa,PT,2023-01-29 23:44:06,39.05,-27.9833,57.85,75,35,15.32
543,Lunenburg,CA,2023-01-29 23:44:07,44.3835,-64.3155,39.25,83,100,19.57
544,Mildura,AU,2023-01-29 23:39:46,-34.2,142.15,77.63,52,20,11.88
545,Peniche,PT,2023-01-29 23:44:08,39.3558,-9.3811,42.12,84,1,8.72
546,Padang,ID,2023-01-29 23:43:19,-0.9492,100.3543,71.65,85,94,5.37
547,Emerald,AU,2023-01-29 23:44:10,-23.5333,148.1667,81.34,65,97,9.33
548,Presidencia Roque Saenz Pena,AR,2023-01-29 23:44:10,-26.7852,-60.4388,80.31,60,61,4.68
549,Oyama,JP,2023-01-29 23:44:11,36.3,139.8,35.58,48,50,1.99
550,Nouakchott,MR,2023-01-29 23:41:22,18.0858,-15.9785,66.13,45,79,12.19
551,Bengbu,CN,2023-01-29 23:44:11,32.9408,117.3608,36.39,50,0,5.21
552,Charleston,US,2023-01-29 23:41:14,32.7766,-79.9309,61.11,96,100,0.0
553,Ketchikan,US,2023-01-29 23:44:13,55.3422,-131.6461,37.38,64,0,9.22
554,Tahe,CN,2023-01-29 23:44:14,52.3333,124.7333,-19.28,100,61,3.76
555,Terenos,BR,2023-01-29 23:44:14,-20.4422,-54.8603,80.31,78,40,3.44
556,Beringovskiy,RU,2023-01-29 23:44:15,63.05,179.3167,26.26,97,100,18.41
557,Viseu De Jos,RO,2023-01-29 23:44:15,47.7256,24.3661,24.44,94,89,0.98
558,Olga,RU,2023-01-29 23:44:16,43.7444,135.2892,4.98,62,99,7.58
559,Wah,PK,2023-01-29 23:44:16,33.798,72.6957,51.01,85,100,7.74
560,Arfara,GR,2023-01-29 23:44:17,37.15,22.0333,49.95,87,40,8.05
561,Kampong Cham,KH,2023-01-29 23:44:17,11.9934,105.4635,66.51,58,56,12.37
562,Storslett,NO,2023-01-29 23:44:18,69.7678,21.0247,24.8,68,80,8.05
563,Santa Isabel Do Rio Negro,BR,2023-01-29 23:44:19,-0.4139,-65.0192,79.5,73,97,2.13
564,Kamenka,RU,2023-01-29 23:44:19,51.3223,42.7678,25.07,97,99,8.7
565,Portree,GB,2023-01-29 23:44:20,57.4129,-6.1942,42.53,83,60,29.44
566,Eresos,GR,2023-01-29 23:44:21,39.1667,25.9333,40.89,72,39,16.33
567,Katherine,AU,2023-01-29 23:44:21,-14.4667,132.2667,82.72,74,40,4.61
568,Beira,MZ,2023-01-29 23:44:22,-19.8436,34.8389,82.49,78,20,12.66
569,Lerwick,GB,2023-01-29 23:44:23,60.1545,-1.1494,42.8,69,79,31.7
570,Tyubuk,RU,2023-01-29 23:44:23,56.0552,60.9405,9.66,91,67,7.65
571,Solnechnyy,RU,2023-01-29 23:44:23,50.7214,136.6319,-16.11,91,46,3.62
572,Prince George,CA,2023-01-29 23:44:24,53.9166,-122.753,11.62,53,0,3.44
573,Rio Grande,BR,2023-01-29 23:44:25,-32.035,-52.0986,77.11,83,8,12.26
574,Yaan,NG,2023-01-29 23:44:25,7.3833,8.5667,82.47,55,89,7.94
575,Sampit,ID,2023-01-29 23:44:26,-2.5333,112.95,74.57,98,100,1.52
576,Tabas,IR,2023-01-29 23:44:26,33.5959,56.9244,48.42,49,80,4.61
577,Turochak,RU,2023-01-29 23:44:27,52.2576,87.1224,10.36,98,100,2.01
578,Ngunguru,NZ,2023-01-29 23:44:28,-35.6167,174.5,66.92,91,100,16.8
579,Antofagasta,CL,2023-01-29 23:41:34,-23.65,-70.4,69.08,83,100,4.85
580,Breves,BR,2023-01-29 23:44:28,-1.6822,-50.4803,73.54,95,76,4.45
581,Novoseleznevo,RU,2023-01-29 23:44:29,55.6821,69.2056,2.71,95,8,8.41
582,Shimoda,JP,2023-01-29 23:43:15,34.6667,138.95,44.96,56,2,22.7
583,Corinto,GR,2023-01-29 23:44:30,37.9407,22.9573,50.9,74,65,4.63
584,Mayumba,GA,2023-01-29 23:44:32,-3.432,10.6554,77.86,87,99,3.94
585,Maloyaroslavets,RU,2023-01-29 23:44:32,55.0146,36.4719,25.9,84,99,9.04
586,Mount Isa,AU,2023-01-29 23:44:33,-20.7333,139.5,85.77,58,93,3.44
587,Gwadar,PK,2023-01-29 23:44:33,25.1216,62.3254,63.48,32,0,5.03
588,Haverfordwest,GB,2023-01-29 23:44:33,51.8017,-4.9691,50.05,90,71,5.01
589,Gorele,TR,2023-01-29 23:44:34,41.0308,39.0031,44.98,88,100,4.03
590,Frederico Westphalen,BR,2023-01-29 23:40:44,-27.3592,-53.3944,69.44,91,71,1.92
591,Jamui,IN,2023-01-29 23:44:34,24.9167,86.2167,55.36,59,7,1.79
592,Bella Union,UY,2023-01-29 23:44:35,-30.2752,-57.6007,83.32,28,89,8.34
593,Griffith,US,2023-01-29 23:44:35,41.5284,-87.4237,29.1,83,100,16.11
594,Churapcha,RU,2023-01-29 23:44:36,62.0025,132.4325,-57.55,100,85,3.33
595,Isetskoye,RU,2023-01-29 23:44:36,56.4858,65.3226,4.68,95,16,8.25
